"","Contig","moduleColor"
"1","Phel_clc_contig_11415","greenyellow"
"2","Phel_clc_contig_14856","lightcyan"
"3","Phel_clc_contig_15144","brown"
"4","Phel_clc_contig_21852","tan"
"5","Phel_clc_contig_13987","midnightblue"
"6","Phel_clc_contig_11724","lightcyan"
"7","Phel_clc_contig_24226","lightcyan"
"8","Phel_clc_contig_27517","greenyellow"
"9","Phel_clc_contig_27719","greenyellow"
"10","Phel_clc_contig_9726","midnightblue"
"11","Phel_clc_contig_20942","tan"
"12","Phel_clc_contig_19282","tan"
"13","Phel_clc_contig_9759","greenyellow"
"14","Phel_clc_contig_17522","darkred"
"15","Phel_clc_contig_10714","lightcyan"
"16","Phel_clc_contig_9673","purple"
"17","Phel_clc_contig_22241","lightcyan"
"18","Phel_clc_contig_29510","tan"
"19","Phel_clc_contig_1562","cyan"
"20","Phel_clc_contig_13868","cyan"
"21","Phel_clc_contig_354","cyan"
"22","Phel_clc_contig_7774","cyan"
"23","Phel_clc_contig_10172","darkred"
"24","Phel_clc_contig_14549","darkred"
"25","Phel_clc_contig_3735","darkred"
"26","Phel_clc_contig_21178","darkred"
"27","Phel_clc_contig_18363","darkred"
"28","Phel_clc_contig_13372","darkred"
"29","Phel_clc_contig_2818","lightcyan"
"30","Phel_clc_contig_14636","blue"
"31","Phel_clc_contig_10702","lightcyan"
"32","Phel_clc_contig_14779","lightcyan"
"33","Phel_clc_contig_11378","lightcyan"
"34","Phel_clc_contig_666","lightcyan"
"35","Phel_clc_contig_16357","lightcyan"
"36","Phel_clc_contig_16686","darkred"
"37","Phel_clc_contig_3540","darkred"
"38","Phel_clc_contig_5026","blue"
"39","Phel_clc_contig_7066","blue"
"40","Phel_clc_contig_11439","brown"
"41","Phel_clc_contig_19690","brown"
"42","Phel_clc_contig_24261","lightgreen"
"43","Phel_clc_contig_5173","brown"
"44","Phel_clc_contig_23356","blue"
"45","Phel_clc_contig_2814","darkred"
"46","Phel_clc_contig_12605","pink"
"47","Phel_clc_contig_9584","pink"
"48","Phel_clc_contig_22169","lightgreen"
"49","Phel_clc_contig_5232","pink"
"50","Phel_clc_contig_7417","greenyellow"
"51","Phel_clc_contig_11424","green"
"52","Phel_clc_contig_14297","blue"
"53","Phel_clc_contig_10888","blue"
"54","Phel_clc_contig_19112","blue"
"55","Phel_clc_contig_13213","green"
"56","Phel_clc_contig_12134","blue"
"57","Phel_clc_contig_6750","midnightblue"
"58","Phel_clc_contig_29243","green"
"59","Phel_clc_contig_6434","midnightblue"
"60","Phel_clc_contig_14361","blue"
"61","Phel_clc_contig_11643","green"
"62","Phel_clc_contig_1450","green"
"63","Phel_clc_contig_25027","green"
"64","Phel_clc_contig_9853","midnightblue"
"65","Phel_clc_contig_10213","midnightblue"
"66","Phel_clc_contig_2966","midnightblue"
"67","Phel_clc_contig_16775","midnightblue"
"68","Phel_clc_contig_12675","green"
"69","Phel_clc_contig_6820","green"
"70","Phel_clc_contig_12119","green"
"71","Phel_clc_contig_12713","blue"
"72","Phel_clc_contig_12805","blue"
"73","Phel_clc_contig_4407","blue"
"74","Phel_clc_contig_1757","blue"
"75","Phel_clc_contig_4576","blue"
"76","Phel_clc_contig_22211","blue"
"77","Phel_clc_contig_19889","blue"
"78","Phel_clc_contig_7983","blue"
"79","Phel_clc_contig_8635","grey60"
"80","Phel_clc_contig_11488","midnightblue"
"81","Phel_clc_contig_20320","midnightblue"
"82","Phel_clc_contig_20161","brown"
"83","Phel_clc_contig_8808","brown"
"84","Phel_clc_contig_25452","pink"
"85","Phel_clc_contig_4927","brown"
"86","Phel_clc_contig_8892","lightgreen"
"87","Phel_clc_contig_27834","lightgreen"
"88","Phel_clc_contig_8352","brown"
"89","Phel_clc_contig_12310","blue"
"90","Phel_clc_contig_15824","blue"
"91","Phel_clc_contig_16508","black"
"92","Phel_clc_contig_10161","lightcyan"
"93","Phel_clc_contig_13198","darkred"
"94","Phel_clc_contig_27525","lightcyan"
"95","Phel_clc_contig_23205","lightcyan"
"96","Phel_clc_contig_3860","brown"
"97","Phel_clc_contig_10959","black"
"98","Phel_clc_contig_22898","black"
"99","Phel_clc_contig_439","brown"
"100","Phel_clc_contig_24134","black"
"101","Phel_clc_contig_9206","black"
"102","Phel_clc_contig_11948","greenyellow"
"103","Phel_clc_contig_2278","greenyellow"
"104","Phel_clc_contig_1739","midnightblue"
"105","Phel_clc_contig_7353","greenyellow"
"106","Phel_clc_contig_9504","greenyellow"
"107","Phel_clc_contig_12233","black"
"108","Phel_clc_contig_19007","blue"
"109","Phel_clc_contig_15233","blue"
"110","Phel_clc_contig_5495","black"
"111","Phel_clc_contig_25377","midnightblue"
"112","Phel_clc_contig_8012","black"
"113","Phel_clc_contig_9976","black"
"114","Phel_clc_contig_12383","midnightblue"
"115","Phel_clc_contig_5999","brown"
"116","Phel_clc_contig_3853","brown"
"117","Phel_clc_contig_27302","lightcyan"
"118","Phel_clc_contig_6367","brown"
"119","Phel_clc_contig_6205","brown"
"120","Phel_clc_contig_11679","black"
"121","Phel_clc_contig_23311","brown"
"122","Phel_clc_contig_24621","brown"
"123","Phel_clc_contig_13317","lightcyan"
"124","Phel_clc_contig_11764","brown"
"125","Phel_clc_contig_19540","brown"
"126","Phel_clc_contig_25692","brown"
"127","Phel_clc_contig_15504","black"
"128","Phel_clc_contig_6250","black"
"129","Phel_clc_contig_13540","black"
"130","Phel_clc_contig_7273","black"
"131","Phel_clc_contig_744","black"
"132","Phel_clc_contig_3984","brown"
"133","Phel_clc_contig_14226","greenyellow"
"134","Phel_clc_contig_17449","darkred"
"135","Phel_clc_contig_10256","black"
"136","Phel_clc_contig_15446","black"
"137","Phel_clc_contig_2588","black"
"138","Phel_clc_contig_6884","black"
"139","Phel_clc_contig_17485","black"
"140","Phel_clc_contig_5797","black"
"141","Phel_clc_contig_6569","black"
"142","Phel_clc_contig_7201","greenyellow"
"143","Phel_clc_contig_14757","greenyellow"
"144","Phel_clc_contig_23008","black"
"145","Phel_clc_contig_4501","brown"
"146","Phel_clc_contig_21534","brown"
"147","Phel_clc_contig_22269","brown"
"148","Phel_clc_contig_3210","brown"
"149","Phel_clc_contig_19570","darkred"
"150","Phel_clc_contig_7186","lightcyan"
"151","Phel_clc_contig_1157","grey60"
"152","Phel_clc_contig_18553","royalblue"
"153","Phel_clc_contig_18875","turquoise"
"154","Phel_clc_contig_15637","darkred"
"155","Phel_clc_contig_16885","blue"
"156","Phel_clc_contig_10111","blue"
"157","Phel_clc_contig_12343","blue"
"158","Phel_clc_contig_13361","blue"
"159","Phel_clc_contig_11435","blue"
"160","Phel_clc_contig_12112","midnightblue"
"161","Phel_clc_contig_1717","blue"
"162","Phel_clc_contig_2244","blue"
"163","Phel_clc_contig_3233","blue"
"164","Phel_clc_contig_1376","green"
"165","Phel_clc_contig_5609","blue"
"166","Phel_clc_contig_1719","green"
"167","Phel_clc_contig_5866","green"
"168","Phel_clc_contig_13129","salmon"
"169","Phel_clc_contig_14850","salmon"
"170","Phel_clc_contig_25210","salmon"
"171","Phel_clc_contig_14132","salmon"
"172","Phel_clc_contig_20614","pink"
"173","Phel_clc_contig_89","yellow"
"174","Phel_clc_contig_7895","lightgreen"
"175","Phel_clc_contig_10160","blue"
"176","Phel_clc_contig_10792","blue"
"177","Phel_clc_contig_12512","blue"
"178","Phel_clc_contig_13033","grey60"
"179","Phel_clc_contig_18084","grey60"
"180","Phel_clc_contig_353","blue"
"181","Phel_clc_contig_7382","grey60"
"182","Phel_clc_contig_2296","lightyellow"
"183","Phel_clc_contig_12053","blue"
"184","Phel_clc_contig_8679","salmon"
"185","Phel_clc_contig_24694","midnightblue"
"186","Phel_clc_contig_17979","royalblue"
"187","Phel_clc_contig_4963","lightyellow"
"188","Phel_clc_contig_3737","blue"
"189","Phel_clc_contig_1314","salmon"
"190","Phel_clc_contig_3237","salmon"
"191","Phel_clc_contig_5338","salmon"
"192","Phel_clc_contig_8274","yellow"
"193","Phel_clc_contig_10050","blue"
"194","Phel_clc_contig_1197","royalblue"
"195","Phel_clc_contig_6574","lightyellow"
"196","Phel_clc_contig_6393","lightyellow"
"197","Phel_clc_contig_657","yellow"
"198","Phel_clc_contig_10654","blue"
"199","Phel_clc_contig_7205","lightyellow"
"200","Phel_clc_contig_8035","blue"
"201","Phel_clc_contig_11219","blue"
"202","Phel_clc_contig_3062","blue"
"203","Phel_clc_contig_12736","salmon"
"204","Phel_clc_contig_562","midnightblue"
"205","Phel_clc_contig_21585","blue"
"206","Phel_clc_contig_4428","blue"
"207","Phel_clc_contig_3383","blue"
"208","Phel_clc_contig_20794","lightyellow"
"209","Phel_clc_contig_7093","royalblue"
"210","Phel_clc_contig_12972","magenta"
"211","Phel_clc_contig_12409","magenta"
"212","Phel_clc_contig_14912","royalblue"
"213","Phel_clc_contig_768","royalblue"
"214","Phel_clc_contig_12278","royalblue"
"215","Phel_clc_contig_8498","royalblue"
"216","Phel_clc_contig_9745","magenta"
"217","Phel_clc_contig_11243","royalblue"
"218","Phel_clc_contig_3087","royalblue"
"219","Phel_clc_contig_386","grey60"
"220","Phel_clc_contig_17830","royalblue"
"221","Phel_clc_contig_4792","royalblue"
"222","Phel_clc_contig_17408","blue"
"223","Phel_clc_contig_2720","lightyellow"
"224","Phel_clc_contig_9225","lightyellow"
"225","Phel_clc_contig_999","midnightblue"
"226","Phel_clc_contig_16810","pink"
"227","Phel_clc_contig_13732","magenta"
"228","Phel_clc_contig_3474","pink"
"229","Phel_clc_contig_10438","lightgreen"
"230","Phel_clc_contig_12582","lightgreen"
"231","Phel_clc_contig_17511","lightgreen"
"232","Phel_clc_contig_2661","lightgreen"
"233","Phel_clc_contig_23300","lightgreen"
"234","Phel_clc_contig_13447","pink"
"235","Phel_clc_contig_15229","pink"
"236","Phel_clc_contig_24878","pink"
"237","Phel_clc_contig_18839","lightgreen"
"238","Phel_clc_contig_8176","lightgreen"
"239","Phel_clc_contig_13113","lightcyan"
"240","Phel_clc_contig_17462","cyan"
"241","Phel_clc_contig_2563","cyan"
"242","Phel_clc_contig_1754","blue"
"243","Phel_clc_contig_11508","lightcyan"
"244","Phel_clc_contig_3651","blue"
"245","Phel_clc_contig_3484","lightcyan"
"246","Phel_clc_contig_1499","midnightblue"
"247","Phel_clc_contig_16745","midnightblue"
"248","Phel_clc_contig_145","midnightblue"
"249","Phel_clc_contig_512","midnightblue"
"250","Phel_clc_contig_12365","brown"
"251","Phel_clc_contig_2786","lightcyan"
"252","Phel_clc_contig_15084","darkred"
"253","Phel_clc_contig_17182","lightcyan"
"254","Phel_clc_contig_22783","darkred"
"255","Phel_clc_contig_655","tan"
"256","Phel_clc_contig_17176","blue"
"257","Phel_clc_contig_5294","lightcyan"
"258","Phel_clc_contig_4177","lightcyan"
"259","Phel_clc_contig_4935","lightcyan"
"260","Phel_clc_contig_4975","darkred"
"261","Phel_clc_contig_19722","pink"
"262","Phel_clc_contig_20352","pink"
"263","Phel_clc_contig_27580","darkred"
"264","Phel_clc_contig_5925","brown"
"265","Phel_clc_contig_9439","midnightblue"
"266","Phel_clc_contig_3095","brown"
"267","Phel_clc_contig_6655","lightcyan"
"268","Phel_clc_contig_17308","midnightblue"
"269","Phel_clc_contig_5839","midnightblue"
"270","Phel_clc_contig_9499","midnightblue"
"271","Phel_clc_contig_14944","blue"
"272","Phel_clc_contig_8821","blue"
"273","Phel_clc_contig_10626","magenta"
"274","Phel_clc_contig_1539","turquoise"
"275","Phel_clc_contig_21725","turquoise"
"276","Phel_clc_contig_7401","royalblue"
"277","Phel_clc_contig_14430","lightgreen"
"278","Phel_clc_contig_15097","pink"
"279","Phel_clc_contig_13974","tan"
"280","Phel_clc_contig_2093","cyan"
"281","Phel_clc_contig_3697","cyan"
"282","Phel_clc_contig_17140","cyan"
"283","Phel_clc_contig_8381","midnightblue"
"284","Phel_clc_contig_4325","midnightblue"
"285","Phel_clc_contig_10349","salmon"
"286","Phel_clc_contig_2408","salmon"
"287","Phel_clc_contig_7999","lightgreen"
"288","Phel_clc_contig_8285","salmon"
"289","Phel_clc_contig_12792","salmon"
"290","Phel_clc_contig_2528","blue"
"291","Phel_clc_contig_4994","cyan"
"292","Phel_clc_contig_7747","darkred"
"293","Phel_clc_contig_9238","brown"
"294","Phel_clc_contig_8752","darkred"
"295","Phel_clc_contig_5143","cyan"
"296","Phel_clc_contig_5942","cyan"
"297","Phel_clc_contig_6709","cyan"
"298","Phel_clc_contig_12417","cyan"
"299","Phel_clc_contig_10803","cyan"
"300","Phel_clc_contig_4105","cyan"
"301","Phel_clc_contig_5324","cyan"
"302","Phel_clc_contig_29720","cyan"
"303","Phel_clc_contig_3158","salmon"
"304","Phel_clc_contig_9166","cyan"
"305","Phel_clc_contig_12811","lightgreen"
"306","Phel_clc_contig_25090","lightgreen"
"307","Phel_clc_contig_2074","blue"
"308","Phel_clc_contig_21596","magenta"
"309","Phel_clc_contig_11604","royalblue"
"310","Phel_clc_contig_3930","royalblue"
"311","Phel_clc_contig_12498","blue"
"312","Phel_clc_contig_15642","blue"
"313","Phel_clc_contig_9087","blue"
"314","Phel_clc_contig_28718","blue"
"315","Phel_clc_contig_1828","lightyellow"
"316","Phel_clc_contig_9874","lightyellow"
"317","Phel_clc_contig_11579","blue"
"318","Phel_clc_contig_17926","blue"
"319","Phel_clc_contig_7564","lightyellow"
"320","Phel_clc_contig_8096","blue"
"321","Phel_clc_contig_12743","blue"
"322","Phel_clc_contig_13620","green"
"323","Phel_clc_contig_4830","blue"
"324","Phel_clc_contig_3342","green"
"325","Phel_clc_contig_17646","yellow"
"326","Phel_clc_contig_13176","blue"
"327","Phel_clc_contig_6154","blue"
"328","Phel_clc_contig_5425","lightyellow"
"329","Phel_clc_contig_9571","green"
"330","Phel_clc_contig_18268","yellow"
"331","Phel_clc_contig_3867","lightyellow"
"332","Phel_clc_contig_570","lightyellow"
"333","Phel_clc_contig_714","blue"
"334","Phel_clc_contig_5527","blue"
"335","Phel_clc_contig_7739","lightyellow"
"336","Phel_clc_contig_1244","royalblue"
"337","Phel_clc_contig_1291","magenta"
"338","Phel_clc_contig_188","magenta"
"339","Phel_clc_contig_10096","royalblue"
"340","Phel_clc_contig_13975","magenta"
"341","Phel_clc_contig_12562","red"
"342","Phel_clc_contig_3450","red"
"343","Phel_clc_contig_13040","royalblue"
"344","Phel_clc_contig_3395","royalblue"
"345","Phel_clc_contig_15442","royalblue"
"346","Phel_clc_contig_2449","royalblue"
"347","Phel_clc_contig_6649","royalblue"
"348","Phel_clc_contig_10261","magenta"
"349","Phel_clc_contig_2843","royalblue"
"350","Phel_clc_contig_129","pink"
"351","Phel_clc_contig_7497","red"
"352","Phel_clc_contig_1621","darkred"
"353","Phel_clc_contig_15160","pink"
"354","Phel_clc_contig_1748","pink"
"355","Phel_clc_contig_15246","tan"
"356","Phel_clc_contig_3848","pink"
"357","Phel_clc_contig_1067","royalblue"
"358","Phel_clc_contig_13229","red"
"359","Phel_clc_contig_17294","red"
"360","Phel_clc_contig_13004","royalblue"
"361","Phel_clc_contig_6210","magenta"
"362","Phel_clc_contig_1729","royalblue"
"363","Phel_clc_contig_9743","royalblue"
"364","Phel_clc_contig_10674","royalblue"
"365","Phel_clc_contig_4987","royalblue"
"366","Phel_clc_contig_14379","red"
"367","Phel_clc_contig_15496","royalblue"
"368","Phel_clc_contig_3007","red"
"369","Phel_clc_contig_3167","magenta"
"370","Phel_clc_contig_1675","darkred"
"371","Phel_clc_contig_5542","brown"
"372","Phel_clc_contig_2132","magenta"
"373","Phel_clc_contig_9315","darkred"
"374","Phel_clc_contig_625","darkred"
"375","Phel_clc_contig_7258","magenta"
"376","Phel_clc_contig_11874","pink"
"377","Phel_clc_contig_2327","magenta"
"378","Phel_clc_contig_282","tan"
"379","Phel_clc_contig_3713","magenta"
"380","Phel_clc_contig_4663","royalblue"
"381","Phel_clc_contig_6226","magenta"
"382","Phel_clc_contig_4364","red"
"383","Phel_clc_contig_1300","magenta"
"384","Phel_clc_contig_13906","darkred"
"385","Phel_clc_contig_3928","darkred"
"386","Phel_clc_contig_3591","darkred"
"387","Phel_clc_contig_831","darkred"
"388","Phel_clc_contig_2389","lightcyan"
"389","Phel_clc_contig_9286","darkred"
"390","Phel_clc_contig_1874","turquoise"
"391","Phel_clc_contig_4360","royalblue"
"392","Phel_clc_contig_632","yellow"
"393","Phel_clc_contig_2030","magenta"
"394","Phel_clc_contig_7129","darkred"
"395","Phel_clc_contig_10101","turquoise"
"396","Phel_clc_contig_16985","darkred"
"397","Phel_clc_contig_4914","darkred"
"398","Phel_clc_contig_10685","turquoise"
"399","Phel_clc_contig_1992","turquoise"
"400","Phel_clc_contig_5816","turquoise"
"401","Phel_clc_contig_25","purple"
"402","Phel_clc_contig_6080","turquoise"
"403","Phel_clc_contig_276","darkred"
"404","Phel_clc_contig_1508","darkred"
"405","Phel_clc_contig_1716","darkred"
"406","Phel_clc_contig_39","turquoise"
"407","Phel_clc_contig_9736","turquoise"
"408","Phel_clc_contig_1074","turquoise"
"409","Phel_clc_contig_106","darkred"
"410","Phel_clc_contig_2691","turquoise"
"411","Phel_clc_contig_433","red"
"412","Phel_clc_contig_193","turquoise"
"413","Phel_clc_contig_2796","turquoise"
"414","Phel_clc_contig_2593","turquoise"
"415","Phel_clc_contig_913","purple"
"416","Phel_clc_contig_1365","turquoise"
"417","Phel_clc_contig_14220","royalblue"
"418","Phel_clc_contig_765","turquoise"
"419","Phel_clc_contig_5341","turquoise"
"420","Phel_clc_contig_697","royalblue"
"421","Phel_clc_contig_5167","turquoise"
"422","Phel_clc_contig_904","royalblue"
"423","Phel_clc_contig_6038","royalblue"
"424","Phel_clc_contig_1060","darkred"
"425","Phel_clc_contig_1261","royalblue"
"426","Phel_clc_contig_17964","royalblue"
"427","Phel_clc_contig_2191","royalblue"
"428","Phel_clc_contig_3462","red"
"429","Phel_clc_contig_2885","royalblue"
"430","Phel_clc_contig_4793","red"
"431","Phel_clc_contig_17045","magenta"
"432","Phel_clc_contig_7179","royalblue"
"433","Phel_clc_contig_3349","red"
"434","Phel_clc_contig_6497","magenta"
"435","Phel_clc_contig_6291","red"
"436","Phel_clc_contig_4397","royalblue"
"437","Phel_clc_contig_3656","royalblue"
"438","Phel_clc_contig_4330","royalblue"
"439","Phel_clc_contig_8929","royalblue"
"440","Phel_clc_contig_94","royalblue"
"441","Phel_clc_contig_7404","red"
"442","Phel_clc_contig_10279","lightcyan"
"443","Phel_clc_contig_74","darkred"
"444","Phel_clc_contig_8899","darkred"
"445","Phel_clc_contig_1085","royalblue"
"446","Phel_clc_contig_10262","royalblue"
"447","Phel_clc_contig_120","red"
"448","Phel_clc_contig_12352","royalblue"
"449","Phel_clc_contig_6577","royalblue"
"450","Phel_clc_contig_641","royalblue"
"451","Phel_clc_contig_6653","royalblue"
"452","Phel_clc_contig_12357","darkred"
"453","Phel_clc_contig_2258","darkred"
"454","Phel_clc_contig_12933","red"
"455","Phel_clc_contig_2176","purple"
"456","Phel_clc_contig_124","brown"
"457","Phel_clc_contig_2548","red"
"458","Phel_clc_contig_3494","turquoise"
"459","Phel_clc_contig_2029","cyan"
"460","Phel_clc_contig_18","brown"
"461","Phel_clc_contig_2365","lightcyan"
"462","Phel_clc_contig_329","blue"
"463","Phel_clc_contig_2982","tan"
"464","Phel_clc_contig_4215","purple"
"465","Phel_clc_contig_12907","royalblue"
"466","Phel_clc_contig_8470","royalblue"
"467","Phel_clc_contig_7362","royalblue"
"468","Phel_clc_contig_11036","red"
"469","Phel_clc_contig_1854","royalblue"
"470","Phel_clc_contig_10344","red"
"471","Phel_clc_contig_6668","red"
"472","Phel_clc_contig_5388","royalblue"
"473","Phel_clc_contig_26","royalblue"
"474","Phel_clc_contig_3957","royalblue"
"475","Phel_clc_contig_9208","royalblue"
"476","Phel_clc_contig_1687","red"
"477","Phel_clc_contig_818","red"
"478","Phel_clc_contig_7615","royalblue"
"479","Phel_clc_contig_6855","royalblue"
"480","Phel_clc_contig_10782","yellow"
"481","Phel_clc_contig_1695","red"
"482","Phel_clc_contig_11006","red"
"483","Phel_clc_contig_420","red"
"484","Phel_clc_contig_2379","darkred"
"485","Phel_clc_contig_4813","magenta"
"486","Phel_clc_contig_1865","royalblue"
"487","Phel_clc_contig_4572","royalblue"
"488","Phel_clc_contig_309","darkred"
"489","Phel_clc_contig_6923","darkred"
"490","Phel_clc_contig_18565","tan"
"491","Phel_clc_contig_3275","tan"
"492","Phel_clc_contig_2283","darkred"
"493","Phel_clc_contig_4889","darkred"
"494","Phel_clc_contig_777","darkred"
"495","Phel_clc_contig_1955","royalblue"
"496","Phel_clc_contig_5637","royalblue"
"497","Phel_clc_contig_4833","royalblue"
"498","Phel_clc_contig_2046","magenta"
"499","Phel_clc_contig_7110","yellow"
"500","Phel_clc_contig_1604","royalblue"
"501","Phel_clc_contig_3421","red"
"502","Phel_clc_contig_484","red"
"503","Phel_clc_contig_5442","royalblue"
"504","Phel_clc_contig_5519","royalblue"
"505","Phel_clc_contig_9235","royalblue"
"506","Phel_clc_contig_493","royalblue"
"507","Phel_clc_contig_5166","red"
"508","Phel_clc_contig_9953","red"
"509","Phel_clc_contig_12273","tan"
"510","Phel_clc_contig_6433","purple"
"511","Phel_clc_contig_9055","purple"
"512","Phel_clc_contig_8842","tan"
"513","Phel_clc_contig_6428","royalblue"
"514","Phel_clc_contig_1721","darkred"
"515","Phel_clc_contig_216","darkred"
"516","Phel_clc_contig_130","darkred"
"517","Phel_clc_contig_17240","darkred"
"518","Phel_clc_contig_12358","purple"
"519","Phel_clc_contig_18718","turquoise"
"520","Phel_clc_contig_1420","turquoise"
"521","Phel_clc_contig_291","lightcyan"
"522","Phel_clc_contig_15690","darkred"
"523","Phel_clc_contig_2714","darkred"
"524","Phel_clc_contig_5174","darkred"
"525","Phel_clc_contig_6192","darkred"
"526","Phel_clc_contig_12782","turquoise"
"527","Phel_clc_contig_3218","turquoise"
"528","Phel_clc_contig_3757","grey60"
"529","Phel_clc_contig_7541","royalblue"
"530","Phel_clc_contig_4533","darkred"
"531","Phel_clc_contig_4710","tan"
"532","Phel_clc_contig_61","lightcyan"
"533","Phel_clc_contig_15258","turquoise"
"534","Phel_clc_contig_1639","turquoise"
"535","Phel_clc_contig_202","purple"
"536","Phel_clc_contig_360","lightcyan"
"537","Phel_clc_contig_16802","turquoise"
"538","Phel_clc_contig_22525","turquoise"
"539","Phel_clc_contig_6065","turquoise"
"540","Phel_clc_contig_3118","turquoise"
"541","Phel_clc_contig_4866","turquoise"
"542","Phel_clc_contig_15919","purple"
"543","Phel_clc_contig_7904","red"
"544","Phel_clc_contig_3782","royalblue"
"545","Phel_clc_contig_4180","royalblue"
"546","Phel_clc_contig_1504","darkred"
"547","Phel_clc_contig_8143","darkred"
"548","Phel_clc_contig_12147","turquoise"
"549","Phel_clc_contig_10981","turquoise"
"550","Phel_clc_contig_2427","turquoise"
"551","Phel_clc_contig_4200","turquoise"
"552","Phel_clc_contig_7628","royalblue"
"553","Phel_clc_contig_13864","royalblue"
"554","Phel_clc_contig_7180","turquoise"
"555","Phel_clc_contig_5602","grey60"
"556","Phel_clc_contig_240","lightcyan"
"557","Phel_clc_contig_9026","darkred"
"558","Phel_clc_contig_2712","royalblue"
"559","Phel_clc_contig_5042","turquoise"
"560","Phel_clc_contig_14650","purple"
"561","Phel_clc_contig_15018","purple"
"562","Phel_clc_contig_2203","purple"
"563","Phel_clc_contig_7558","purple"
"564","Phel_clc_contig_1019","darkred"
"565","Phel_clc_contig_4727","darkred"
"566","Phel_clc_contig_1224","turquoise"
"567","Phel_clc_contig_1112","royalblue"
"568","Phel_clc_contig_2826","red"
"569","Phel_clc_contig_3712","purple"
"570","Phel_clc_contig_458","red"
"571","Phel_clc_contig_884","royalblue"
"572","Phel_clc_contig_3071","darkred"
"573","Phel_clc_contig_296","brown"
"574","Phel_clc_contig_3665","royalblue"
"575","Phel_clc_contig_148","lightcyan"
"576","Phel_clc_contig_684","turquoise"
"577","Phel_clc_contig_634","darkred"
"578","Phel_clc_contig_324","brown"
"579","Phel_clc_contig_750","darkred"
"580","Phel_clc_contig_1378","royalblue"
"581","Phel_clc_contig_1605","turquoise"
"582","Phel_clc_contig_4627","royalblue"
"583","Phel_clc_contig_1649","turquoise"
"584","Phel_clc_contig_9242","royalblue"
"585","Phel_clc_contig_4093","royalblue"
"586","Phel_clc_contig_4815","royalblue"
"587","Phel_clc_contig_1507","red"
"588","Phel_clc_contig_8135","turquoise"
"589","Phel_clc_contig_5239","red"
"590","Phel_clc_contig_6400","red"
"591","Phel_clc_contig_6665","royalblue"
"592","Phel_clc_contig_16777","red"
"593","Phel_clc_contig_4022","red"
"594","Phel_clc_contig_3307","royalblue"
"595","Phel_clc_contig_812","royalblue"
"596","Phel_clc_contig_6982","royalblue"
"597","Phel_clc_contig_2554","royalblue"
"598","Phel_clc_contig_8057","royalblue"
"599","Phel_clc_contig_8681","royalblue"
"600","Phel_clc_contig_11386","royalblue"
"601","Phel_clc_contig_2240","royalblue"
"602","Phel_clc_contig_16229","royalblue"
"603","Phel_clc_contig_3628","royalblue"
"604","Phel_clc_contig_2208","royalblue"
"605","Phel_clc_contig_8080","royalblue"
"606","Phel_clc_contig_4404","royalblue"
"607","Phel_clc_contig_894","turquoise"
"608","Phel_clc_contig_2438","red"
"609","Phel_clc_contig_17809","royalblue"
"610","Phel_clc_contig_7766","royalblue"
"611","Phel_clc_contig_3932","royalblue"
"612","Phel_clc_contig_8813","royalblue"
"613","Phel_clc_contig_9547","turquoise"
"614","Phel_clc_contig_2977","royalblue"
"615","Phel_clc_contig_4703","royalblue"
"616","Phel_clc_contig_7137","royalblue"
"617","Phel_clc_contig_19685","yellow"
"618","Phel_clc_contig_15221","yellow"
"619","Phel_clc_contig_6408","yellow"
"620","Phel_clc_contig_4716","pink"
"621","Phel_clc_contig_2201","brown"
"622","Phel_clc_contig_3578","brown"
"623","Phel_clc_contig_1665","tan"
"624","Phel_clc_contig_9657","tan"
"625","Phel_clc_contig_16015","yellow"
"626","Phel_clc_contig_16939","yellow"
"627","Phel_clc_contig_2747","yellow"
"628","Phel_clc_contig_1761","yellow"
"629","Phel_clc_contig_2802","red"
"630","Phel_clc_contig_1654","salmon"
"631","Phel_clc_contig_365","pink"
"632","Phel_clc_contig_3127","yellow"
"633","Phel_clc_contig_255","lightgreen"
"634","Phel_clc_contig_1808","tan"
"635","Phel_clc_contig_20","tan"
"636","Phel_clc_contig_12741","red"
"637","Phel_clc_contig_5641","red"
"638","Phel_clc_contig_315","red"
"639","Phel_clc_contig_2323","red"
"640","Phel_clc_contig_7024","red"
"641","Phel_clc_contig_9195","yellow"
"642","Phel_clc_contig_4099","pink"
"643","Phel_clc_contig_9982","pink"
"644","Phel_clc_contig_2232","tan"
"645","Phel_clc_contig_4379","tan"
"646","Phel_clc_contig_1064","red"
"647","Phel_clc_contig_1171","red"
"648","Phel_clc_contig_16258","salmon"
"649","Phel_clc_contig_4308","red"
"650","Phel_clc_contig_9012","red"
"651","Phel_clc_contig_9771","yellow"
"652","Phel_clc_contig_2659","red"
"653","Phel_clc_contig_2392","red"
"654","Phel_clc_contig_9671","red"
"655","Phel_clc_contig_5986","royalblue"
"656","Phel_clc_contig_8757","red"
"657","Phel_clc_contig_8374","red"
"658","Phel_clc_contig_4101","yellow"
"659","Phel_clc_contig_4594","brown"
"660","Phel_clc_contig_4430","darkred"
"661","Phel_clc_contig_63","darkred"
"662","Phel_clc_contig_119","midnightblue"
"663","Phel_clc_contig_2021","greenyellow"
"664","Phel_clc_contig_10332","lightgreen"
"665","Phel_clc_contig_8695","lightgreen"
"666","Phel_clc_contig_5769","lightgreen"
"667","Phel_clc_contig_13542","lightyellow"
"668","Phel_clc_contig_2658","lightyellow"
"669","Phel_clc_contig_2923","brown"
"670","Phel_clc_contig_4183","lightyellow"
"671","Phel_clc_contig_14016","greenyellow"
"672","Phel_clc_contig_11189","lightgreen"
"673","Phel_clc_contig_6927","lightgreen"
"674","Phel_clc_contig_6963","lightgreen"
"675","Phel_clc_contig_162","salmon"
"676","Phel_clc_contig_4915","salmon"
"677","Phel_clc_contig_15186","yellow"
"678","Phel_clc_contig_6374","lightyellow"
"679","Phel_clc_contig_847","salmon"
"680","Phel_clc_contig_223","yellow"
"681","Phel_clc_contig_4273","yellow"
"682","Phel_clc_contig_903","yellow"
"683","Phel_clc_contig_1930","greenyellow"
"684","Phel_clc_contig_229","greenyellow"
"685","Phel_clc_contig_1944","greenyellow"
"686","Phel_clc_contig_892","tan"
"687","Phel_clc_contig_175","tan"
"688","Phel_clc_contig_3148","tan"
"689","Phel_clc_contig_396","tan"
"690","Phel_clc_contig_5604","tan"
"691","Phel_clc_contig_8476","tan"
"692","Phel_clc_contig_331","tan"
"693","Phel_clc_contig_5780","tan"
"694","Phel_clc_contig_11551","royalblue"
"695","Phel_clc_contig_2646","salmon"
"696","Phel_clc_contig_8419","salmon"
"697","Phel_clc_contig_7468","red"
"698","Phel_clc_contig_886","red"
"699","Phel_clc_contig_1546","lightyellow"
"700","Phel_clc_contig_4016","yellow"
"701","Phel_clc_contig_1784","lightcyan"
"702","Phel_clc_contig_1027","lightcyan"
"703","Phel_clc_contig_4867","lightcyan"
"704","Phel_clc_contig_2167","brown"
"705","Phel_clc_contig_2604","lightcyan"
"706","Phel_clc_contig_6209","lightcyan"
"707","Phel_clc_contig_717","tan"
"708","Phel_clc_contig_919","tan"
"709","Phel_clc_contig_3355","brown"
"710","Phel_clc_contig_3001","brown"
"711","Phel_clc_contig_264","brown"
"712","Phel_clc_contig_6828","brown"
"713","Phel_clc_contig_1521","red"
"714","Phel_clc_contig_43","tan"
"715","Phel_clc_contig_1512","red"
"716","Phel_clc_contig_224","red"
"717","Phel_clc_contig_6916","red"
"718","Phel_clc_contig_1199","purple"
"719","Phel_clc_contig_6046","purple"
"720","Phel_clc_contig_7478","purple"
"721","Phel_clc_contig_1398","brown"
"722","Phel_clc_contig_2063","brown"
"723","Phel_clc_contig_4057","brown"
"724","Phel_clc_contig_505","red"
"725","Phel_clc_contig_3706","magenta"
"726","Phel_clc_contig_4592","yellow"
"727","Phel_clc_contig_171","blue"
"728","Phel_clc_contig_1970","red"
"729","Phel_clc_contig_2728","royalblue"
"730","Phel_clc_contig_6928","lightcyan"
"731","Phel_clc_contig_14520","red"
"732","Phel_clc_contig_8698","royalblue"
"733","Phel_clc_contig_4454","brown"
"734","Phel_clc_contig_9346","brown"
"735","Phel_clc_contig_7751","brown"
"736","Phel_clc_contig_755","lightyellow"
"737","Phel_clc_contig_817","lightcyan"
"738","Phel_clc_contig_840","brown"
"739","Phel_clc_contig_9460","lightcyan"
"740","Phel_clc_contig_12963","royalblue"
"741","Phel_clc_contig_18315","grey60"
"742","Phel_clc_contig_13204","lightcyan"
"743","Phel_clc_contig_2677","darkred"
"744","Phel_clc_contig_12958","royalblue"
"745","Phel_clc_contig_2921","lightcyan"
"746","Phel_clc_contig_4685","grey60"
"747","Phel_clc_contig_23628","blue"
"748","Phel_clc_contig_5567","grey60"
"749","Phel_clc_contig_1128","cyan"
"750","Phel_clc_contig_13848","cyan"
"751","Phel_clc_contig_1891","cyan"
"752","Phel_clc_contig_2345","cyan"
"753","Phel_clc_contig_4121","grey60"
"754","Phel_clc_contig_7077","cyan"
"755","Phel_clc_contig_10765","lightcyan"
"756","Phel_clc_contig_6713","tan"
"757","Phel_clc_contig_20276","red"
"758","Phel_clc_contig_5301","grey60"
"759","Phel_clc_contig_3815","red"
"760","Phel_clc_contig_11063","royalblue"
"761","Phel_clc_contig_13562","royalblue"
"762","Phel_clc_contig_15329","red"
"763","Phel_clc_contig_6826","purple"
"764","Phel_clc_contig_2317","grey60"
"765","Phel_clc_contig_3490","cyan"
"766","Phel_clc_contig_4300","purple"
"767","Phel_clc_contig_2842","lightcyan"
"768","Phel_clc_contig_1442","blue"
"769","Phel_clc_contig_194","blue"
"770","Phel_clc_contig_5770","grey60"
"771","Phel_clc_contig_2739","lightyellow"
"772","Phel_clc_contig_6787","blue"
"773","Phel_clc_contig_8026","darkred"
"774","Phel_clc_contig_2346","lightcyan"
"775","Phel_clc_contig_7133","lightcyan"
"776","Phel_clc_contig_13487","turquoise"
"777","Phel_clc_contig_17009","grey60"
"778","Phel_clc_contig_3793","royalblue"
"779","Phel_clc_contig_9841","grey60"
"780","Phel_clc_contig_1456","darkred"
"781","Phel_clc_contig_3209","blue"
"782","Phel_clc_contig_8574","purple"
"783","Phel_clc_contig_5521","royalblue"
"784","Phel_clc_contig_4060","royalblue"
"785","Phel_clc_contig_7276","royalblue"
"786","Phel_clc_contig_8751","lightcyan"
"787","Phel_clc_contig_14362","lightyellow"
"788","Phel_clc_contig_1756","cyan"
"789","Phel_clc_contig_19144","blue"
"790","Phel_clc_contig_2142","blue"
"791","Phel_clc_contig_3948","cyan"
"792","Phel_clc_contig_1813","cyan"
"793","Phel_clc_contig_2182","blue"
"794","Phel_clc_contig_14147","cyan"
"795","Phel_clc_contig_4693","cyan"
"796","Phel_clc_contig_11649","blue"
"797","Phel_clc_contig_4230","cyan"
"798","Phel_clc_contig_8219","brown"
"799","Phel_clc_contig_7676","blue"
"800","Phel_clc_contig_6415","grey60"
"801","Phel_clc_contig_9078","grey60"
"802","Phel_clc_contig_12557","lightyellow"
"803","Phel_clc_contig_2003","blue"
"804","Phel_clc_contig_3549","blue"
"805","Phel_clc_contig_7219","blue"
"806","Phel_clc_contig_1076","brown"
"807","Phel_clc_contig_2830","brown"
"808","Phel_clc_contig_2018","brown"
"809","Phel_clc_contig_3568","brown"
"810","Phel_clc_contig_1317","brown"
"811","Phel_clc_contig_6240","lightcyan"
"812","Phel_clc_contig_277","lightcyan"
"813","Phel_clc_contig_2339","brown"
"814","Phel_clc_contig_451","brown"
"815","Phel_clc_contig_2569","lightcyan"
"816","Phel_clc_contig_4297","lightcyan"
"817","Phel_clc_contig_1117","brown"
"818","Phel_clc_contig_7409","brown"
"819","Phel_clc_contig_263","brown"
"820","Phel_clc_contig_6044","tan"
"821","Phel_clc_contig_18679","blue"
"822","Phel_clc_contig_4645","blue"
"823","Phel_clc_contig_8599","lightyellow"
"824","Phel_clc_contig_2080","blue"
"825","Phel_clc_contig_8438","blue"
"826","Phel_clc_contig_7407","cyan"
"827","Phel_clc_contig_3298","lightcyan"
"828","Phel_clc_contig_619","lightcyan"
"829","Phel_clc_contig_8354","lightcyan"
"830","Phel_clc_contig_3927","tan"
"831","Phel_clc_contig_7888","cyan"
"832","Phel_clc_contig_1312","brown"
"833","Phel_clc_contig_6632","brown"
"834","Phel_clc_contig_122","brown"
"835","Phel_clc_contig_2925","brown"
"836","Phel_clc_contig_6711","brown"
"837","Phel_clc_contig_345","brown"
"838","Phel_clc_contig_5539","brown"
"839","Phel_clc_contig_2597","brown"
"840","Phel_clc_contig_3790","black"
"841","Phel_clc_contig_1529","tan"
"842","Phel_clc_contig_2355","brown"
"843","Phel_clc_contig_522","midnightblue"
"844","Phel_clc_contig_1544","brown"
"845","Phel_clc_contig_829","brown"
"846","Phel_clc_contig_3559","blue"
"847","Phel_clc_contig_3866","blue"
"848","Phel_clc_contig_813","brown"
"849","Phel_clc_contig_958","brown"
"850","Phel_clc_contig_14596","lightyellow"
"851","Phel_clc_contig_16634","blue"
"852","Phel_clc_contig_2347","blue"
"853","Phel_clc_contig_17377","cyan"
"854","Phel_clc_contig_787","blue"
"855","Phel_clc_contig_6638","cyan"
"856","Phel_clc_contig_2775","cyan"
"857","Phel_clc_contig_367","cyan"
"858","Phel_clc_contig_3683","cyan"
"859","Phel_clc_contig_5862","cyan"
"860","Phel_clc_contig_6852","cyan"
"861","Phel_clc_contig_5652","royalblue"
"862","Phel_clc_contig_1945","red"
"863","Phel_clc_contig_8954","royalblue"
"864","Phel_clc_contig_6506","royalblue"
"865","Phel_clc_contig_8593","cyan"
"866","Phel_clc_contig_10295","black"
"867","Phel_clc_contig_4124","midnightblue"
"868","Phel_clc_contig_6564","brown"
"869","Phel_clc_contig_13573","green"
"870","Phel_clc_contig_7479","midnightblue"
"871","Phel_clc_contig_1077","midnightblue"
"872","Phel_clc_contig_671","cyan"
"873","Phel_clc_contig_5382","cyan"
"874","Phel_clc_contig_5845","cyan"
"875","Phel_clc_contig_18668","blue"
"876","Phel_clc_contig_3910","blue"
"877","Phel_clc_contig_24521","blue"
"878","Phel_clc_contig_3205","blue"
"879","Phel_clc_contig_2987","blue"
"880","Phel_clc_contig_12930","blue"
"881","Phel_clc_contig_7815","blue"
"882","Phel_clc_contig_4784","black"
"883","Phel_clc_contig_5083","black"
"884","Phel_clc_contig_18398","midnightblue"
"885","Phel_clc_contig_2459","midnightblue"
"886","Phel_clc_contig_4490","lightgreen"
"887","Phel_clc_contig_5957","lightgreen"
"888","Phel_clc_contig_1788","yellow"
"889","Phel_clc_contig_107","lightyellow"
"890","Phel_clc_contig_6385","yellow"
"891","Phel_clc_contig_1669","black"
"892","Phel_clc_contig_401","black"
"893","Phel_clc_contig_2231","black"
"894","Phel_clc_contig_4415","greenyellow"
"895","Phel_clc_contig_6936","tan"
"896","Phel_clc_contig_13686","lightyellow"
"897","Phel_clc_contig_4103","midnightblue"
"898","Phel_clc_contig_7020","lightyellow"
"899","Phel_clc_contig_907","salmon"
"900","Phel_clc_contig_12110","lightgreen"
"901","Phel_clc_contig_2495","salmon"
"902","Phel_clc_contig_2254","lightgreen"
"903","Phel_clc_contig_6286","greenyellow"
"904","Phel_clc_contig_5132","salmon"
"905","Phel_clc_contig_4737","greenyellow"
"906","Phel_clc_contig_9469","tan"
"907","Phel_clc_contig_9844","tan"
"908","Phel_clc_contig_998","greenyellow"
